CA,APTOS,APOTS
CA,HAYWARD,HAYWORD
CA,SAN JOSE,SAN HOSE
CO,HIGHLANDS RANCH,HIGHLANDS RICH
CO,MOUNTAIN VILLAGE,MT VILLAGE
CT,SOUTHBURY,SOUTHBERRY
FL,ORLANDO,SOUTH ORANGE
GA,LILBURN,LILBURG
IL,SAVOY,SAYOY
NC,RALEIGH,RESEARCH TRIANGLE
NC,DURHAM,RESEARCH TRIANGLE
NC,CHAPEL HILL,RESEARCH TRIANGLE
NC,CARY,RESEARCH TRIANGLE
NC,RALEIGH,RESEARCH TRIANGLE PA
NC,DURHAM,RESEARCH TRIANGLE PA
NC,CHAPEL HILL,RESEARCH TRIANGLE PA
NC,CARY,RESEARCH TRIANGLE PA
NC,RALEIGH,RESEARCH TRIANGLE PARK
NC,DURHAM,RESEARCH TRIANGLE PARK
NC,CHAPEL HILL,RESEARCH TRIANGLE PARK
NC,CARY,RESEARCH TRIANGLE PARK
NC,RALEIGH,RTP
NC,DURHAM,RTP
NC,CHAPEL HILL,RTP
NC,CARY,RTP
NJ,METUCHEN,METCHUEN
NJ,WHARTON,WHORTON
NJ,WHITEHOUSE STATION,WHITEHOUSE STA
NY,ONTARIO,ONTAIRO
NY,POMONA,PONOMA
OH,VILLAGE OF BRATENAHL,BRATENAHL VILLAGE
OH,CINCINNATI,COLUMBIA TUSCULUM
OH,FAIRLAWN,FAIRLWAN
OH,PATASKALA,PALASKALA
OR,TUALATIN,TUATATIN
PA,SEWICKLEY,SCWICKLEY
PA,THORNHURST,THOMHURST
TX,UNIVERSAL CITY,UNIV CITY
WA,BELLEVUE,BELLAVUE
WA,VANCOUVER,WANCOUVER
WI,TOWN OF ST JOSEPH,ST JOSEPH TOWNSHIP